1385238243625721,100
1830753337434263,100
1348702030581144,100
1595324134077247,100
1396397322785479,100
1932744522516377,100
1928971473061453,100
1472136185944207,100
119812958333467,100
1259789184909117,100
1752812855646771,100
1399926106817951,100
1597727924210697,100
1803706724013860,100
1271819034844468,100
1138881469274760,100
17479708648733,100
1913639387966729,100
1186773110355039,100
1654046356355814,100
1718089807516047,100
1534741232669671,100
1805119317774772,100
18696576588504,100
1984421936780607,100
1462376202887274,100
1181684412231374,100
1695960901394450,100
1381295706500574,100
1911743588663398,100
1519925436489214,100
1984123490736003,100
1116082214858459,100
128423167791611,100
1880781240650249,100
1534784354767561,100
1196839831952787,100
1743865087389820,100
1913954354742499,100
1570308656962875,100
148122467517966,100
1425638463744556,100
1474171521583731,100
1593968134926602,100
1325354465586463,100
1575744254119456,100
1128531352736550,100
1147401858258435,100
1465495732115112,100
1686996766074557,100
1338971716667499,100
157195978292446,100
120247048717222,100
1814467285586956,100
1602297131533080,100
1213873284136758,100
1272346072152579,100
1793494783149561,100
1428379835028555,100
1539369568731048,100
1695340187936406,100
1578149497116123,100
1225993893319735,100
1222568108907498,100
1364685677331579,100
1752131616465869,100
1278398242107032,100
1502806949897489,100
1576505671792203,100
1438506445324520,100
1853643585791479,100
1590483668810207,100
1463633262052790,100
1286500977619086,100
1508916519124914,100
183907030600967,100
1417845811152687,100
1734641794799493,100
1894619251503254,100
1236187740449037,100
1911527659661628,100
1623971040010425,100
16083104765120,100
1309154588085743,100
1910892437129181,100
1926045521093574,100
1447850325561920,100
1317510096651977,100
1381106602382945,100
1741152362656921,100
1363177303563037,100
1629497198042922,100
1782944210602849,100
1227968937929690,100
1362232168542437,100
1798800988866762,100
1784591321632816,100
1479750689565903,100
1321692565755632,100
1411055187146230,100
1294119127921893376,100
1784983714842222,100
1688284740492966,100
1265830300064071680,100
1316039818633384,100
1308606688005402624,100
168489315983363,100
1117042507153975,100
1289500265651848,100
1475677838992027,100
1250733988593084,100
1452921988864356,100
181842148752736,100
1737661341892240,100
1244410001900428,100
142360403614454,100
1846946934095534,100
1963130597922141,100
139306353814253,100
1917758501058219,100
1693685239826967,100
1591707597106422,100
1310470513357287,100
1206237272551504,100
166747224020536,100
1475322404387707,100
1389403608058955,100
1459695019256039,100
1707675393398548,100
172178261421786,100
1459758869800492,100
1444701191452053,100
1265178703949953,100
140797888339308,100
1646579659214783,100
1990964800110985,100
1732118872676155,100
1133265786928372,100
1433978150071555,100
1634712557899498,100
1893286595952964,100
1740272947345183,100
1440041901022234,100
188272621937350,100
1978200594874285,100
1338782696368901,100
1275733584375730176,100
1381646715460016,100
1119191677420578,100
1312629213847805,100
182274464966984,100
1405630612192331,100
1669781337184627,100
1357667054382774,100
152977684934602,100
1666535266364491,100
115343769467755,100
137033352104046,100
1432861538075713,100
1827133020225104,100
1358903217463664,100
1855770295351529,100
1577075171821820,100
122109538337317,100
1809617865653352,100
1857848870435588,100
1765661366065648,100
1269265303639010,100
1558389758279910,100
1766662467053777,100
1366554528816188,100
1109539119628760,100
1904220059424843,100
1965470596184461,100
1690058443406651,100
1285697443676830,100
1605967200925543,100
1588521431748309,100
1446442397727111,100
1169000349164940,100
1122920565421619,100
1407042644365730,100
1215506958975928,100
1239545863344842,100
1399511015414736,100
1192820158966649,100
1494294006837805,100
1998197116887380,100
1788791026723376,100
1927179500392805,100
1677309342359480,100
1878057001976349,100
1408202973574588,100
1162208761239618,100
1520370113216685,100
1719503764733210,100
1362052583472852,100
1944998454251325,100
1199309931322289,100
1274635412986050,100
1738463906327694,100
1403878875452912,100
164922464140618,100
1887927212648025,100
1207244749373984,100
1286048388375014,100
1380751413647785,100
1346348727444511,100
1573408586507112,100
1601559283772073,100
1792273841604845,100
1322170166598791,100
153101083313209,100
1134656503921986,100
1649404726595994,100
1907212968829286,100
1587704900268190,100
1574219124926458,100
1976078123763276,100
1661945246776514,100
1982525925135729,100
1288376572647821312,100
1240902770534998,100
1462488034239493,100
1599620035476628,100
1764362179454753,100
1412700803403464,100
1229136612479702,100
1293838197034524672,100
1881158473790770,100
1998940519056227,100
1771470092024160,100
1340264876690008,100
1657280491345823,100
1389348318231616,100
1924363966029476,100
1860247815829001,100
188049864478455,100
1397818200660700,100
159340706150364,100
1642772799956400,100
1982712414099567,100
1187098185706043,100
1489042962425428,100
1194398127677289,100
1697009904959248,100
1330856858129479,100
1927796802416254,100
1305508627840791,100
132207384735538,100
1749111256328515,100
157083350659425,100
1807206584892428,100
1288375384439242752,100
1595315252053845,100
1438623174502163,100
1618748362752374,100
1501397124958594,100
1225298790470975,100
1917057905268909,100
1667264374594450,100
1562125974858296,100
1139750868212199,100
1433006232076330,100
1507070449653147,100
169888641191542,100
1492783478920146,100
1718388971610357,100
1832460574649703,100
1636527686972662,100
1916909193542701,100
1854175479015498,100
1236146878671037,100
1331612187746551,100
1568288682557911,100
1713488033705845,100
114198103001525,100
183440245206877,100
1847810555107715,100
149066317313412,100
1363871048543482,100
1639587313532444,100
1891406199793709,100
1790368112540215,100
1718117685726022,100
1110106747700000,100
1856828342989858,100
1514347433591585,100
1852171659331928,100
1956780199852567,100
1665907285796392,100
1275970479730489,100
176300959173870,100
1231790465518637,100
1197302529772094,100
131105594738484,100
1692675583709660,100
1231469740375382,100
1916496748026923,100
1774105435026907,100
1266190672742846464,100
1662544533296064,100
1675108176353488,100
1215126722320100,100
1692777834546545,100
1901004247275185,100
1573333574061592,100
1305847055563560,100
1274183994414456,100
1900881234464125,100
1233416750313170,100
1392084297157902,100
1169179403380657,100
1169685005368371,100
172687990099832,100
1307983168892063744,100
1748175380516960,100
1593978196004385,100
1553411310122731,100
1741181095821020,100
1344970549778054,100
1976160967700333,100
1790202360404843,100
1941010610145526,100
1131107731844398,100
1651993907663965,100
1308629174646407168,100
1308704441305858048,100
1787998079124836,100
178119225872791,100
1304300641924422,100
1952993423634202,100
1774066596081542,100
1902200789099746,100
1730904572392725,100
1365741316569728,100
1398976677468956,100
1474123619007061,100
1842511490772023,100
1725467642513539,100
1252434908647495,100
152156398121413,100
1248842528321633,100
1983367504536516,100
1574926076992346,100
1656266507372508,100
186133652446916,100
1325598228094725,100
1809194959522406,100
1783160874418132,100
1879906544350000,100
1916314927783156,100
1551840052522569,100
1739297061915786,100
147224120280914,100
1985598264248667,100
166062070490850,100
1474650010908627,100
1493671223049677,100
1976125151828047,100
1165515897018384,100
1918126539250953,100
1514308608616058,100
1475392569299221,100
1406088599382050,100
1338894759620441,100
1964657618631290,100
1346898781458753,100
1311108543827299,100
1545530834743316,100
1868483502295318,100
1396469256278564,100
1247961690880322,100
1297455803768202,100
1966151759928233,100
1588421720628088,100
1128118309311678,100
1821538432335051,100
1133924017785046,100
1307858099616362496,100
1643805576156643,100
1330847733030885,100
1382737421787099,100
1515681061442644,100
1337475622387114,100
1404099210541787,100
1869200618815795,100
183229390050498,100
1399350686370721,100
1675715422887090,100
1449107013129728,100
1856088846787893,100
1583519145458488,100
1250078303041009,100
1464243785910535,100
1244128744345278,100
1662539532093833,100
1757566702326356,100
1879775051846890,100
1459679244514256,100
1706907474162902,100
1632988375269797,100
127174188780760,100
1249120871768445,100
1485558060450067,100
1453268647616048,100
194831642783090,100
1502191332636579,100
1654234725659931,100
1128886795722774,100
1673965446347338,100
1892674169403197,100
1364506871778990,100
1780969101731636,100
1938537565934041,100
1781257808004746,100
122521612255388,100
1898344387205638,100
189834125796178,100
1567969206318230,100
1840347515270437,100
1324604737874683,100
1880763010010833,100
1385393627346859,100
173914765449161,100
1269869764586789,100
1745479148575551,100
1266191929473777664,100
1652179538879710,100
1247511876046202,100
1465889888318153,100
1921878248380383,100
161097307187595,100
1210128107303872,100
1997619187457132,100
166976080710977,100
1956005248200153,100
1316361010369249,100
1865249194079310,100
1952024841636442,100
1233035647527347,100
1817482583054790,100
1789729129327208,100
122442889420728,100
1874090626718560,100
1199211935698252,100
1584437938951363,100
1554482056344377,100
151807736094861,100
1205968506826,100
1461961524991282,100
1857836842404526,100
1383549066617665,100
1397841164281443,100
1901194164437422,100
180207345150604,100
1379926782455227,100
1578176808150649,100
1131258019368404,100
1682201227808558,100
1317291938063960,100
1557765784261530,100
1596673807684959,100
1562299234384949,100
1185095377438790,100
1922750972139417,100
1816344111055456,100
1358224819747940,100
1729810504922466,100
120370511357086,100
1578317666033578,100
1905339605086799,100
1871559979274459,100
1370485691698720,100
159276240933012,100
1667390474739848,100
1619571390207457,100
184811214436601,100
1844866970409515,100
1371315600696313,100
1683988333385426,100
1271017227574267,100
1307981077213614080,100
1292735920622305280,100
1983648256383508,100
1308624226160422912,100
1160643429645005,100
1147973288919751,100
1469086930592625,100
1928239774823412,100
1735717525459562,100
1378431914726674,100
1570970743495012,100
1415046596354848,100
1266186854340677632,100
1397521076162831,100
1119321845582986,100
1520186979808087,100
133994917789469,100
1655212399228673,100
1552534177482625,100
1512076247960400,100
1301435264710787072,100
1878151393382019,100
129901190688741,100
1979040050859600,100
1713181331486610,100
1183414381168237,100
1251960604686253,100
1659867079611743,100
1428894070376543,100
1572195470865998,100
1163529981080004,100
1109031846848346,100
1307334185458880512,100
1398529913647593,100
1271427043966415,100
1558861399589908,100
1686223745053842,100
1834923568959276,100
1347922287274079,100
166362343790347,100
1442814151237545,100
1651722473699341,100
1921234861874240,100
1324606506456254,100
1200389051065211,100
1283180852684360,100
1687126174277743,100
1310444085216563,100
1424117662407567,100
1247018899998645,100
1536666849196578,100
1870056738024630,100
1174899169406759,100
1796702554260103,100
1656734072283594,100
1884667635787900,100
1293951564558573568,100
1118165025597591,100
1695182272880507,100
1808934466735398,100
1245907261265355,100
1439744184203207,100
1252068957548652,100
1540291376915100,100
126764816629481,100
1285770210139111424,100
1752455029406077,100
1966953919238367,100
1897894410321390,100
1772230531808203,100
1938431322517275,100
1351759966790452,100
1180542151611803,100
1536749276832443,100
1121620046088118,100
1556252328265693,100
1352031884111493,100
1443482406850422,100
1129802102343926,100
1615237532756512,100
1132035181049290,100
1265838044078837760,100
1772216047879509,100
1658320769349411,100
1441021832116899,100
1201524812915851,100
1213146841352010,100
1575714101619752,100
1327266771651121,100
1294120040996111,100
1261208385382883328,100
1308607594948157440,100
1547271496194667,100
1217251987398836,100
1780659395997095,100
1726764403960448,100
1634915123353633,100
1281964272523265,100
143513594235771,100
1267080599690862,100
1213084365439679,100
1308702508792877056,100
1564911932279273,100
1134869407056709,100
120601223242097,100
1474611730756807,100
1333794891213807,100
17258524193669,100
1235926733571967,100
1622911944634199,100
1866436216855828,100
1772556551520299,100
1908764174123075,100
1669885876281080,100
1723966485563634,100
1147213930401219,100
1410764108794521,100
1135202319487186,100
1657942675666830,100
1918276550172154,100
1477772099410902,100
1654451238600957,100
1517991496732450,100
1498895654919460,100
1559750699959463,100
1241319929474331,100
1596632700037800,100
1515907004024746,100
197063033931947,100
1306923465157787,100
128542869750915,100
1673917353780863,100
1419024876709119,100
180947936587918,100
1377520583921596,100
1303524733928689664,100
1496405883223196,100
1493355242063622,100
1342840602009408,100
1270865878342525,100
12394765617693,100
1340846100208206,100
1529313078643114,100
1395119711193367,100
1963135023567020,100
1945730269836010,100
1976890447527999,100
1907562826674024,100
1301161275525727,100
1590899545318353,100
165783520290426,100
1265832119666393088,100
13022938969566,100
1865072260485098,100
1955069006378826,100
1949319568415470,100
1754674180182324,100
1581923130510303,100
1887438885762765,100
1833582567827387,100
1872519492052979,100
1835366158592855,100
1790454320414414,100
1922716410758641,100
1977608759866663,100
1261700066050235,100
1941454225165261,100
1119711372181504,100
1741215377805023,100
188875856333296,100
1320575975435722752,100
1187213151890051,100
1312634684436614,100
1284739663158300,100
132634336531753,100
1622972336246606,100
1349933762429220,100
154771023853468,100
1713742497110499,100
1949758014594910,100
1871794680945384,100
1255781308054720,100
1266211932772967,100
1948733544860718,100
1443141889239793,100
1964341629263331,100
1711476608842123,100
1268441681888296960,100
1671756999261451,100
142282315010467,100
1812657596368955,100
1798614793269536,100
1922528130861491,100
1979513259585493,100
1421110811104169,100
1661064054501302,100
1896246472276976,100
1578777731935286,100
1546619822780247,100
1587551857892006,100
1393825137423188,100
1718050652852329,100
1556524868641537,100
1820307292808133,100
129343715896218,100
1255414069515194368,100
1718498497939201,100
154521980746204,100
1299731808993715,100
1488576204971015,100
1867818359162489,100
1686690742789479,100
1926031246712460,100
1168044566333335,100
1487177692807445,100
1328698378362412,100
129453435008836,100
1288764074713703,100
1915594005878636,100
1529349335962300,100
1112063083902060,100
1407799823589436,100
1999286487697890,100
132708387852374,100
1631127922452174,100
1937903497310265,100
1147270220469003,100
1308699798047768576,100
1931777792919220,100
1471512077815376,100
1577234352545099,100
1275440620514974,100
1759258983432556,100
1260573837217477,100
1464385339491428,100
1998284878207636,100
1115691134813885,100
1167865176841491,100
1693635563080791,100
1769157910504525,100
1728126088835416,100
1652245389905055,100
1301813907271077,100
1556132928054903,100
1258030818084283,100
1620525231231493,100
1652619043972919,100
1158180242551658,100
12654062586514,100
118762275594065,100
154150220988458,100
1586850971530052,100
1733340560210254,100
1460657622162865,100
1344080168142989,100
1155621647048389,100
1553687502214394,100
1957811986988235,100
1378835810701209,100
1173313263033808,100
1548545260493220,100
1971519606161415,100
1947853573549402,100
120400529746339,100
1606596656708602,100
1667669044498046,100
1882844186278846,100
1572085620436897,100
1857431387395999,100
1281461148784925,100
156996002846393,100
1473365769231101,100
1282575775475748864,100
1595582933719812,100
1585952001238197,100
112621729646457,100
1512769537524105,100
1395478666197023,100
1300748256003010560,100
156796954997626,100
1197471450266867,100
1810667282725374,100
1380271331761285,100
1900779263024012,100
1467273785236546,100
1350120541965701,100
1457871385345115,100
1101704085340447,100
1880575411841809,100
1198561418986470,100
1760611981861863,100
1939267358686092,100
1752394087382028,100
1765514121172497,100
1630839297204128,100
1560574934408604,100
1354198558585903,100
1300444153417315,100
1258596177453730,100
1946506769346545,100
1616916344144303,100
1148594371181534,100
1182210116816880,100
1153649846234964,100
1704475702442671,100
1441081092172377,100
1308642480337657856,100
1900866767299237,100
1322743167469970,100
1998172013087358,100
1630948546930168,100
155398521065151,100
144385300990552,100
1660413384121296,100
1429924292890284,100
1805693905619619,100
1927891464836794,100
1437042205070184,100
1715421403493193,100
1790173409311262,100
1177645938636405,100
1320241839923189,100
1255421595400998912,100
1166584321452848,100
1735732512302447,100
1219072318839907,100
1588480896864534,100
1231069596699503,100
1173980691632237,100
1105765525350128,100
1776516757697348,100
170938876896108,100
1672260743260626,100
1313150640868722,100
1893124671553377,100
1947188131462026,100
1154019449049625,100
120531346109259,100
1174303411668449,100
1759271329975939,100
1909627993506964,100
1886957920982463,100
1210333329821315,100
1746417661892639,100
1692537631553167,100
175988998707373,100
1233490508267181,100
1668531126034009,100
1689082907223219,100
1621965379102123,100
1738975926059275,100
1478537149241694,100
1626830948169185,100
1495227588801856,100
1467498643759171,100
1904766187914429,100
1864499240056145,100
1951135205990760,100
1516044514734339,100
1821720188317559,100
1656029659934369,100
1415651350669238,100
1511383665270529,100
1175040865480006,100
1463584867737800,100
188583858766205,100
160093560312030,100
17119504741504,100
1682826847473929,100
1733447943565852,100
1734380447058361,100
1815362891941669,100
1806249768292764,100
1201723382996137,100
1944687365502759,100
1653359219109042,100
1719843670464906,100
1664135904669888,100
1336253892943499,100
122597264519517,100
1623381493262370,100
1335652161702189,100
1733979621654357,100
1692470266197314,100
1784823511526755,100
1781302148272564,100
1787147972534548,100
1879776700287849,99
1466576796459571,99
1800348095409896,99
1382746826282466,99
1154105631778115,99
1427087823326781,99
1308608007382433792,95
1819145776162991,90
1212245024007041,90
1196887997162424,90
1995609617787981,90
1323208527426265088,90
1224185556382113,87
1850828450965535,87
1308643609079398400,87
1293956697493274624,85
1325988912380731392,85
1431724985532206,84
1139947650153141,84
1308633165690249216,83
1307981613312786432,83
1266188906366246912,83
1255408977752109056,83
1307982793556447232,83
1308606004434505728,83
1276346936147983,83
1255394553930731520,80
1861540729982350,80
1132567591157339,80
1196053796630402,80
1605465725628161,80
1314495475324332,80
1406359239859841,80
1508668833885964,80
1974899524799454,80
1423427496499780,80
1780897509102614,80
1172850690943049,80
1301824094077408,80
1696471479438684,80
1999507060274022,80
1616357103564177,80
1877628938180980,80
1600701678172407,80
1896620067671518,80
1382373853942727,80
1318504513388355584,80
1342136455087118,80
1577051001207019,80
1194713438111090,80
1537605194875602,80
1422617653778398,80
1337462580145767,80
1983695739865019,80
1590835599778998,80
1662431724055141,80
1266297940364685312,80
1966786722621681,80
1950457395008259,80
1724048264998987,80
1426276178496215,80
1862945187709243,80
1148361410152503,80
1388781994943304,80
1537838262075407,80
1594103689858786,80
143622028123235,80
1881237450876494,80
1182542235760523,80
1717050281089777,80
1902829373164874,80
1878677215314169,80
1316302658742865920,80
1307334579723440128,80
1629192328666516,80
131373846373868,80
1304263292163855,80
1326190336911185,80
1277208617363062784,80
1979884379524629,80
1308636745096691712,78
136561355960146,76
1509258023006150,75
1109735524384058,75
1924677560967093,75
11237685793300,75
1271342800251527,75
185376420137823,75
1957456423861399,75
1881227400974582,75
1770972693125692,75
1515742095667628,75
1654306566952081,75
1208422401182746,75
1165020509776678,75
1728739937514755,75
1589240724769645,75
1199656662717141,75
1264508456238087,75
1546336092563659,75
1633059202351662,75
1255417357052612608,75
142243456507328,75
1516318183873145,75
1861716576723118,75
1589855554131656,75
1487415800325028,75
1302535111366338,75
1563856600377575,75
1935988400071848,75
1297062636629736,75
1627973602738206,75
136782219108922,75
1574037352180143,75
1774749360768822,75
1296055682391703552,75
1468820075941104,75
1339105793590755,75
1869387166452954,75
1983441597766654,75
1319846334233736,75
1365453987722707,75
1761392873489663,75
1832226792194160,75
181974342541745,75
1556380487565305,75
1408076040826808,75
1468844704766613,75
1912520582706221,75
1788491043996523,75
1762569776515075,75
1151683041035833,70
1279215181506439,70
1215283743306327,70
1494944484434038,70
1468691374611753,70
1307333256819073024,70
1214871605126998,70
1360734205097643,70
1485724072424437,70
1441390308962567,70
1693768178758926,70
158034034499930,70
147884312502932,70
114601398272999,70
1297796695770506,70
1839164513013478,70
1977991444038219,70
1904530198224382,70
1307334960620855296,70
1630425482644164,70
1261207729985310720,70
1644747414295326,70
1796786797974991,70
1481259678007345,70
1491614756632237,70
168055303830704,70
120030122268973,70
1193036160611581,70
1266529556612046,67
1143016756645419,67
1975588131673250,67
170403860016170,67
1859126610550216,67
1815679381429850,67
1756863214780449,67
1186515238309758,67
1843917216960263,67
1898175667876541,67
1703796106114793,67
1760889473148518,67
1600645972043877,67
1540805318896477,67
1468704196129650,67
142085435280655,67
1327420548840817,67
1310366795687346,67
1163198814879356,67
1538200092071853,67
1493624200572841,67
1324499159422236,67
1630346628493020,67
1205962418770382,67
1557938904089796,67
1623464633360006,67
1181702282448953,67
1771591143469876,67
180952552222602,67
1160338482037501,67
1308339296759087104,67
1445271588345311,67
1601301202179213,67
1931995110522951,67
1327070830694465,67
1372624789711669,67
1756780820672196,67
1274899699981230,67
1767777533985467,67
1818129629658,67
1378710207882067,67
1661344180499524,67
1462524814030644,67
131409430346833,67
1805992055503644,67
1351449517860495,67
1925132949766826,67
149759830394536,67
1223051479294012,67
1328014398299171,67
190899046595114,67
1263029106206287,67
1820810709913084,67
1938247258717424,67
1493920439382940,67
1549574918625480,67
1950829171529812,67
119674528408492,67
134233100744181,67
1456334971316470,67
1219795375335771,67
1763214235904826,67
1284184957187795,67
1469144173403404,67
1253220350330687488,67
1742975200287043,67
1770169880027109,67
1658959436844065,67
1879501706808341,67
1636128487657875,67
1302115479765567,67
1153077247695137,67
1108428145859789,67
1313235183538156,67
1856022825330517,67
1300490061101028,67
1287106894224050,67
122995061262506,67
1111177426866420,67
1960591141097798,67
1630671290336801,67
1137061115481947,67
153880474580340,67
1325227449019651,67
1841527798996798,67
1520975923650875,67
1711264060541302,67
1629399263886175,67
1319222583732775,67
1619528793375500,67
1719539345912206,67
126259010682123,67
1835232964563400,67
1722535515876985,67
1856265369668850,67
1409392189615771,67
1717736758960165,67
1361511489713109,67
1425270081893792,67
1117255924378760,67
1919370139873931,67
1319709379523721,67
1727213154292863,67
1447763176120597,67
1178462316448299,67
1808904238798566,67
1503489759288253,67
1543043002060654,67
1484799059559404,67
1496874356173793,67
1830274487687530,67
155807650141238,67
1284445505854157,67
1319742270111797,67
1770200418094359,67
1845337633830809,67
1815615027971207,67
1667921644326226,67
1819839658047854,67
1870891061491231,67
1985248870202572,67
1269569809799613,67
1302214288434213,67
1631914262317041,67
1922422485353818,67
121574960110313,67
1805582526890172,67
1503874103076638,67
1705442661145183,67
1900932338927809,67
1669943225262633,67
1795229434776333,67
148153536439084,67
1927494875087863,67
1301681425703392,67
1351958427905997,67
1854919062792248,67
1971293663579312,67
1325552001898691,67
126644625725824,67
1566800813718513,67
1269264901307658,67
1744601750508511,67
1343278765998109,67
1230609195521668,67
1673389433578950,67
1840265381001183,67
113275652204896,67
1347467476825665,67
1513808181056574,67
1310875568266629120,67
1855479918285720,67
128792323571436,67
1853463810732088,67
1424688877933368,67
1697418567442725,67
1378713144342147,67
1271360687232912,67
1306784521142751,67
1293824067612946,67
1483514809499974,67
1122257087493554,67
154106190851057,67
1936823089548221,67
1236385922167809,67
1507879241842664,67
1500823707786224,67
1755344559210673,67
1243046023177957,67
1158598424083179,67
1259712591077864,67
1330166384885242,67
1313646273979587,67
1701091953274879,67
1749541446333324,67
1205825156723917,67
1226644952061255,67
1387710863154112,67
1491306143339077,67
1434068263912637,67
1159971284829053,67
1992041086770632,67
1187630601402028,67
1177563885392215,67
1473106044785218,67
194663024036831,67
1488364480890673,67
1659996269885447,67
1697822566794066,67
1172964436163161,67
1264345344402217,67
1425986790494981,67
1235144366729207,67
1741968667825654,67
1280191265307544,67
1581371444818909,67
110141641842333,67
1440017160438017,67
1190399171961843,67
1993456865654752,67
1918105525819683,67
1528618693844060,67
1605410676082047,67
1801159586572237,67
1260543670747935,67
1242380555944871,67
1235869753394154,67
1823646128944723,67
1618540944176298,67
1742625180392177,67
1454480885951296,67
1680036344267461,67
1787152252893105,67
1760409631543242,67
1227121262091324,67
119540275465268,67
1810904010022901,67
1223645979746846,67
1218668285960953,67
12207927407890,67
1963333532180016,67
1679597149304670,67
1439688112064905,67
1489698569746407,67
1951288533351652,67
1879085461496455,67
1947909746270542,67
1340069751571928,67
1790867129145997,67
1156509768363563,67
1915323781702037,67
1782036252116818,67
1488680260711051,67
1550472128717668,67
1967255991853080,67
146767901672765,67
1216791614160678,67
1987464668217547,67
1402713952961111,67
1492741030168478,67
1466041718112343,67
1629393639629142,67
1757099433575849,67
1605560902138763,67
1927341807565970,67
1730180501686577,67
1506259207153934,67
1239512330144189,67
1874743537860683,67
1176209202200369,67
113391532016351,67
1961230353416158,67
1255410922929095,67
1757894297836250,67
143327750678479,67
1600815001503392,67
1451008196408868,67
1428305803265707,67
1316021107431520,67
1860696446020804,67
1169142682262829,67
166784733037263,67
1906498989934566,67
1209657198013418,67
1301631240455090,67
1244621617016030,67
1520414989926307,67
1688755951531935,67
1552575542174815,67
1930731373774568,67
1236358368058091,67
14725113515486,67
1449235317715662,67
1271155372514534,67
1812573391769615,67
1116662385050824,67
1953382612162626,67
1314958913545086,67
1330548557760704,67
1970645971568903,67
1509681451609061,67
1845931919148128,67
1112576251954376,67
1304016520552352,67
1611322530183310,67
1158563887848112,67
184629978132089,67
1234015075707822,67
1853679225643798,67
1323526406030660,67
1570743180411628,67
1832695938490979,67
1470865472658412,67
1849869893723977,67
1687565821863306,67
1549962944863329,67
1406505286140838,67
1608366618499501,67
130416222317531,67
1326552843047820,67
1821438405496476,67
1514632834600874,67
151342417533828,67
1377192488291480,67
1206999581499956,67
1610279310131705,67
1678226085080044,67
1819031723606429,67
1118450977018523,67
1433845003539551,67
1125235708547044,67
1978858116063157,67
1358221402725411,67
1593078865290692,67
1289172262222666,67
1283240652548673536,67
1214642879753040,67
1573585827437775,67
1859001066404395,67
1719597558229786,67
169042365131007,67
1609817651668393,67
1330545699531720,67
1391524874969874,67
1820633354429745,67
1250125881517423,67
1133556004738021,67
1436533747647454,67
1536671400570004,67
1761325279028457,67
1331383199739626,67
1288945649088309,67
1288376138336006144,67
1652939595890175,67
1134688355154067,67
1529593995334202,67
1943552383169115,67
1221832957325347,67
1880008870624014,67
1600207707472339,67
1624440334387533,67
160753132273213,67
1577117215448168,67
1758305852076323,67
1188158588659166,67
1846615494086049,67
1523849231678852,67
1562168334202997,67
1810744318003528,67
1683737390380108,67
118217119405248,67
1387802999827827,67
1397760005106926,67
1652798911233245,67
1129605133207147,67
1350663747965045,67
197419345842133,67
119873039815456,67
1569735049800700,67
1644284112978991,67
147408510974988,67
176877215017450,67
1634726055557584,67
1324745822068998,67
1902862534767820,67
1699885358754438,67
1984542577513067,67
194772653742481,67
1937680181057825,67
1308540812049564,67
116091217301870,67
1351329463861258,67
1150011262064810,67
1889308402211692,67
1561529960074955,67
1707102101954726,67
1134519258639327,67
1732099119324329,67
1655491396463933,67
1602745172197693,67
1769516010554056,67
190690337205948,67
161549195145768,67
1548821209509690,67
1527550269409595,67
1966279913639910,67
1493323899333666,67
195475778072584,67
1559540087878275,67
1985390300848884,67
1710554867713297,67
1568218350008333,67
1152807945527888,67
1293579033849368,67
1398910572192548,67
1157422633056922,67
1404110165689243,67
166977432991356,67
1423076898253594,67
1817891105839881,67
1363291596400823,67
1339978673811982,67
1387416661146484,67
1217883563803400,67
1870189105039638,67
1374835916212607,67
1827853106733274,67
1542923559940348,67
1570442021424362,67
1530615749331764,67
1979895108360699,67
1335181509456766,67
1322047849485695,67
1519711991324752,67
1649871517578020,67
114262140741815,67
132377277531081,67
1651533906023515,67
1644756947313209,67
1554526393818228,67
1992025638923072,67
1347256135518901,67
1438304961135894,67
142295491362265,67
1448534406207999,67
1553833730103293,67
1222959225273653,67
1573248249081194,67
1824358786292708,67
1866916600490842,67
1472728107564829,67
1650597641850447,67
1544001936487855,67
1151487695194303,67
146597841239159,67
1513189839677130,67
1584397026881945,67
1313812752546568,67
1198104376157842,67
1528300097704213,67
1728113286875293,67
1119150846376224,67
169401811872983,67
1874246558057374,67
1280185814276510,67
1513368206576787,67
1551862499259284,67
1989781962698122,67
1502697141377904,67
1251264336752951,67
1968081366241054,67
1355125896032085,67
169681963016914,67
1545627128841008,67
1295936418972850,67
1641823923813015,67
1283247977242120192,67
1678575328251882,67
1763596280257772,67
1205197327030075,67
1500866785180630,67
1458610400984632,67
1338199933374486,67
1475344024109974,67
1314474473068932,67
1539073383006335,67
170412068693351,67
162216486839779,67
1599732464737941,67
1360317976549563,67
1162515779177207,67
1802616330611162,67
1826888084250398,67
1320127832070112,67
1560307110250282,67
1844652100321512,67
1498785522299618,67
1247194855704153,67
1202949200014536,67
1144821223937739,67
1672769284502388,67
1734831155962153,67
1202143785732000,67
1458678568209222,67
1410131825516123,67
1574338248534443,67
1165223452416456,67
1657326379471762,67
1216534650154909,67
1939748052451524,67
1402311744543082,67
1327617766640724,67
1197702592422908,67
1914668537596863,67
1652162775073352,67
1268379249859954,67
1376574149706004,67
1932152589719884,67
1993031701997883,67
1951046313113576,67
1322534852030253,67
1119033343269520,67
1254026053709933,67
1283721057962366,67
1592392320365079,67
1862039654387198,67
1913883150474990,67
1423832015529118,67
1980577887017818,67
1768334547773315,67
1870192136494621,67
1754878707001804,67
1455132673918393,67
1376553167008378,67
1771565947468919,67
1276419749740902,67
1891325831312058,67
1130122036794314,67
119468392263602,67
1593714364425944,67
1393587468558538,67
1435628555189472,67
1864033611364693,67
1852900197592470,67
1746635183456014,67
1278619289657548800,67
1308324944186343424,67
1633510562249934,67
1920663800016663,67
1648903857589609,67
1942614347620508,67
1404594472054945,67
1279314996003466,67
12337997781427,67
150331576774205,67
1707229777897922,67
1444826039899909,67
1400760609098487,67
1300592085626527,67
1976511233464359,67
1382598567179030,67
1603589171174531,67
1769061121874545,67
1262926285399986,67
1451520995657444,67
1980320755373985,67
1388907424536447,67
1219168476033181,67
1251154287952142,67
1649005029954952,67
190953202071556,67
1674791753920532,67
1210185500988909,67
1692216822590880,67
1852996243027035,67
1609807962188318,67
1445194452484319,67
136473614197665,67
1888096971333117,67
1620063718054502,67
1496673098296553,67
1720731051378632,66
127256445984594,66
1958129988012956,66
179744773059845,66
1935459636091682,66
1231982100971026,66
1651800922725164,66
1134999888143502,66
1771857877980785,66
1917405740281013,66
1298445432649355264,66
1558754069319697,66
1881262026616616,66
1308338858827603968,66
176874239441821,66
1982414054667962,66
1407408086962446,66
1611437624889833,66
1675752434577562,66
1698189275058162,66
1287410137511240,66
1804154611010248,66
1536817363031969,66
1350429660967020,66
1991933605626163,66
166530711079510,66
1348186227817261,66
1871629741854620,66
1673439532214253,66
1535449620834970,66
1598887566103495,66
1539222119878253,66
1256540065870191,66
1979113853517094,66
1331469860236598,66
1746161636660026,66
1902330937704379,66
1737674182967910,66
1576549165487800,66
1453119421799778,66
1496063222639321,66
1453989630987858,66
1310869315540811776,66
1572062712695508,66
1872437424838950,66
1575189925334593,66
1154924770030122,66
1480427665152054,66
1773038010832889,66
1305793813714565,66
1696915558257061,66
1610485228347112,66
1775262308097688,66
1166715241192574,66
1974412530636799,66
1267796908754666,66
1140802174006404,66
1541075777766365,66
1504660250157732,66
1221244438757416,66
1465343508371471,66
1572443524908687,66
1651311064745589,66
1318226732610004,66
1149672619206525,66
1817178099245930,66
1293276729335334,66
1134649424007767,66
1135404949202579,66
1971576033133618,66
1693433715676361,66
1513244433806505,66
1472641687349082,66
1358358754178843,65
1293891671852011520,65
179753462299474,65
1203848410587616,65
1655712779290706,65
195627297736357,65
1354727546083487,65
1255527179926193,65
1536735049948780,65
1549565055919406,65
1517613023070258,65
1321778376886414,63
1307335881371176960,63
1813627214928741,60
1123433792147258,60
1516449184637935,60
1654958869009240,60
1255662052081246208,60
194113414263458,60
1761159286611861,60
1814397682262955,60
1225735423365361,60
135559075917637,60
195804113983925,60
1510805523498734,60
1641934894623174,60
1974684956459966,60
1669182785478590,60
1181408214551776,60
1925345766288550,60
1230813607788471,60
1548659215260911,60
1832518038183933,60
137421694060248,60
1899622593912875,60
1149593432573222,60
112368333537474,60
1987979769695531,60
1741342631859092,60
1892208663646326,60
1316540285308417,60
1979759380202516,60
1255599934845790,60
1888922697761024,60
1172333058130306,60
1303175541854627,60
1567846104100203,60
1695908715665255,60
1164242135513799,60
1506838066975435,60
1998246061614012,60
1792378369525427,60
1379583468082904,60
1392640682303012,60
1105205784649779,60
1308641489886310400,58
1221491294187951,56
1300745693535186944,56
1539807092901139,55
135176349836565,55
1307336249077411840,55
1283237113462067200,54
1283304530716450816,53
1932038335997647,50
1727140424518976,50
1328264838390298,50
1624873980530420,50
1999162938445026,50
1731457180093468,50
1569092875876550,50
1373440985915661,50
1220348038915868,50
134599272566474,50
145940037859547,50
1324357541580086,50
1310743119977062400,50
1855968398839205,50
1187274616386065,50
1985609177486607,50
1818286094645304,50
1307333811662491648,50
1577974209168901,50
1287868775695440,50
159537739548401,50
146778728297705,50
1248875494346837,50
1461645652969969,50
1252764488378155008,50
1450718738558440,50
1527706703662599,50
124045112565201,50
1716092894520697,50
1644098641019406,49
1942029338276041,49
1309846797443141632,49
1976441074140780,49
1388794978511328,49
1261209328883175424,45
1307335514579279872,45
1530322578298228,45
1402775601858995,43
1866395120384539,40
1181574645621305,40
1369033233606287,40
1415167563981532,40
1310628470908600320,40
1112268230982374,40
1118689539952845,40
1310743810527285248,40
1914610752756344,40
122380226312559,40
1141804448460977,36
1161181053296831,34
1772574857596843,34
1490607209960564,34
1596819275614637,34
1488132704503957,34
1968087719723663,34
1714264765115701,34
1775803466118689,34
1186240253212154,34
1909954862585249,34
1357744821680472,34
1680698455945307,33
1653447212328619,33
1879065688586855,33
1253581343699316736,33
1798961074835584,33
1104057304658049,33
1131894742261520,33
1292051113482612,33
1348536406968288,33
1278636213531594752,33
1935563965640556,33
1759490541889789,33
1789659509239401,33
1886591564758300,33
1379842991363110,33
1494472046843238,30
1726768153465137,30
1343753053195544,30
1535335367112732,30
1846616726225816,30
1328729187444531,30
1451624827880062,30
1638422228990515,30
1473815061593256,30
1845727442620068,30
160343961287610,30
1310744565703335936,26
1850950508239632,25
1454571446827213,25
1380655438062414,20
1346353868345128,20
1650175853306591,20
1277208435045056512,20
1273437421354020864,20
1457455693238839,20
1265840168242151424,20
1202205532418755,14
377914846295411,0
1054636980207996928,0
627143160092777,0
1085107527409111040,0
88105905883112,0
1322292640174080,0
1016203863882104832,0
409449485511937,0
1262285490258644992,0
1016211880904130560,0
983847555689371,0
1167323779035238400,0
1064802340537749504,0
1551878184594100,0
1257877966420062208,0
1746661904963349,0
598294060303172,0
1450938738371188,0
1021230174392516608,0
1299396583157960,0
1707599143225326,0
1111090050399559680,0
1495520712337941,0
1054215831879802880,0
1207471683814629,0
1170632674517699,0
1165892656847114240,0
1016235407321497600,0
777210974858338,0
1016226547688964096,0
1064159487113416704,0
1016238718460264448,0
1237568011779514368,0
1158141783585903,0
1248546479426068480,0
1530283188941220,0
1226299626032169,0
115432916596003,0
1227127350542471168,0
1224298941180388,0
1191736085518948,0
1053580470413545472,0
1016226127721693184,0
21226359551051,0
1323451638316457984,0
1016227782198460416,0
197694090658513,0
1214370094910648320,0
642072030941091,0
1106371450086793216,0
1239410557075786,0
1016242888756068352,0
1167328115366744064,0
1774968603416316,0
1023746649489170432,0
1166909306147385344,0
1021276948431863808,0
1017320934946783232,0
1229267326160134144,0
1106372740107911168,0
586317413101268,0
1230471636923506688,0
1303175478840033280,0
1167330509752291328,0
1196966004274655232,0
1561302014217993,0
1634349194014770,0
1534501574499999,0
889508564853583,0
296749349028570,0
1111471624039190528,0
1322103804191248384,0
1753771499501328,0
488633629389697,0
960719024725928,0
294104861369454,0
1573356431511562,0
1738290845172750,0
482417177858219,0
325486997445567,0
1879463720023132,0
1016236314436206592,0
1722176066341042,0
1470766943386538,0
644750848081662,0
1042233253454807040,0
1110380423076851712,0
1020202781091532800,0
1085104480566018048,0
595842800658049,0
1103858681970057216,0
1167329363168014336,0
338733217994434,0
387972674693886,0
1321751942581633024,0
1965860986119006,0
1016226846776393728,0
1237583439339786240,0
1016236799431966720,0
1167326174653919232,0
1917050001134211,0
1249631445429776384,0
1260780520178794496,0
824310299776783,0
174484212113995,0
163307315822045,0
1945729671926917,0
1323451362624851968,0
1417770488576749,0
1021233190042574848,0
1927508437007207,0
1430294929473004,0
1017232505118539776,0
1089723812213649408,0
1016237233005559808,0
1699820650461894,0
1085106056789659648,0
1127862198560395264,0
1714077893378285,0
1063799175990333440,0
1167324123559546880,0
200642729364934,0
607663404762431,0
1645385972825238,0
1340971705821316,0
1536181687876751,0
1190076837493178,0
1054644188517879808,0
1127867306337685504,0
1165894706699943936,0
1923701086010505,0
1291273449894219776,0
237254158814674,0
1016223419283439616,0
1206683105981613,0
1612873886351356,0
1167327314590240768,0
1169797169314611200,0
1147053080825708544,0
1466928786101684,0
1208537400894367,0
1280438302345982,0
975270678266203,0
1280063008558555136,0
1052392172218830848,0
1016876003719528448,0
1017337167331082240,0
1227133281762582528,0
12580058763343,0
1016240479153586176,0
949039593291505,0
113714567491518,0
1603934410590617,0
1127868106568945664,0
1111427534475389,0
1016198959318859776,0
1021277933262688256,0
1433976247379534,0
1016220936733622272,0
1858214304650402,0
1358032555652812,0
171810882605436,0
1054649759170146304,0
1017312301194297344,0
116560869306848,0
1103857522790260736,0
1064153181967204352,0
1628276214588690,0
1237581512552022016,0
1260780881979445248,0
1270228422751936512,0
1427314914229619,0
1167327994776326144,0
1885761412685514,0
1441411054172935,0
1373856828896195,0
1912861357361880,0
1062239822061858816,0
1220188008826401,0
1167004091621249024,0
1781135706027164,0
1060795875275976704,0
382095186395659,0
1239511341079614,0
1039760608285200384,0
1103863178691764224,0
1260780703197237248,0
1016214105168707584,0
1229266795932991488,0
1085103827001184256,0
1127858944279613440,0
1280038342926319616,0
1197754032249257984,0
1085104222507274240,0
1936456805967219,0
1060796618108203008,0
1022741941014413312,0
1017310732285526016,0
1103865567595356160,0
1249631209512800256,0
1017283249456693248,0
1194875795567321088,0
1333735304264105,0
1545379994013700,0
1086837932784599040,0
1392451214969578,0
724022303450873,0
1164426643240628224,0
1237583704910528512,0
1023742886221213696,0
1429913167310797,0
1190760423606969,0
1291299705515835392,0
1985201135263965,0
1197754537402855424,0
1323525814528147456,0
1016875454643191808,0
1016215083339120640,0
1149249341477872,0
1177152044694392832,0
1234303756255137792,0
1016249839820898304,0
1063795782295068672,0
1234297984481800192,0
1016210417721180160,0
19862622255331,0
1016224227647455232,0
780830937233596,0
1052384986419777536,0
1016885605676761088,0
1427170340369614,0
1016222637469368320,0
1016231474482020352,0
1214369887200337920,0
1550752738072306,0
1237578234997063680,0
1237569801975570432,0
1255378414739660800,0
1052903153013436416,0
227503066163047,0
1589249386069597,0
214479332058205,0
1325317032006864,0
1298181855397468,0
1039776783538884608,0
1016221692534620160,0
1232198165642952704,0
1446503711348868,0
1248539882595307520,0
1100056661386095,0
530332189547207,0
547849920157203,0
1016213570327838720,0
1235893847226257408,0
94888206659712,0
1237584514000297984,0
1232196307285254144,0
1290155730176385024,0
1371828081432569,0
1016232252504440832,0
1323523750448254976,0
445743277152761,0
375772459782448,0
358101371077915,0
1325030273129260,0
1325988153207529472,0
1281058117613838336,0
1323451172320890880,0
1227138972002553856,0
1237583254844903424,0
1195616945806534,0
1144504777928540160,0
1196475565616484,0
1054245158323343360,0
1146280409904458,0
1167329800134782976,0
1616605629787413,0
1678537140300997,0
1089716448420917248,0
1016614050862358528,0
117743555845453,0
1089727555441229824,0
1016210577851318272,0
886478825366570,0
1127866627833499648,0
1103858897565671424,0
1302855368875012096,0
546858964065889,0
889525473946263,0
1016240221883367424,0
1085103527976665088,0
1487643209740187,0
1409234408670323,0
1237585132525793280,0
1127866265986703360,0
1016219608833753088,0
1922773318293293,0
1016886114374533120,0
1017221858704113664,0
1710488885371469,0
1064163460385980416,0
1016512127974932480,0
1237568798823882752,0
1176032851957796864,0
1250350599581581312,0
1052434700410376192,0
1323528831352619008,0
174931579432386,0
1697264038675710,0
1167323939979079680,0
1792809386544683,0
1061862442394828800,0
1291288011922120704,0
1016233960022376448,0
1017320518167183360,0
684021824676563,0
1127863902601252864,0
1255378150858891264,0
56561236322448,0
1054645551847006208,0
1016233138517606400,0
1424829484359202,0
1016225658605568000,0
1129526664623549,0
864366576880558,0
124598779179713,0
813913476480090,0
1016216465823662080,0
1320493506566149,0
1016230522718945280,0
674692699382726,0
1248173709592805376,0
1016211854089945088,0
1319550969150885888,0
121914700997913,0
1737451866955917,0
1268125837505388544,0
1321752989593153536,0
1016231327509413888,0
1167322086696488960,0
1016226848621887488,0
1103859064155037696,0
1060819117898346496,0
1279863792732231,0
131609243742757,0
1230481913353949184,0
1237585316051886080,0
1323518990345211904,0
1167324434667855872,0
1268126087750156288,0
1106035673041645568,0
1181467710155382784,0
1167329044010823680,0
1022746613217406976,0
1375369728892454,0
1017321932620709888,0
1063794503447597056,0
1237584953743572992,0
1016248778607460352,0
1016221684519305216,0
677679252510591,0
1085103237739216896,0
1323450949636886528,0
1167327005463310336,0
833647049808546,0
1578627265597346,0
1185046790340027,0
940073415581205,0
1471147699720363,0
1189084023292428288,0
1016205173545140224,0
1064802052280008704,0
1019875980989407232,0
1140827629846360,0
34278008187448,0
1017233832313765888,0
1016236263299252224,0
1636418845165911,0
1416010565511892,0
1072775741076160512,0
1085102227268464640,0
1250520333881043,0
1060794842323775488,0
1016230619158577152,0
1052903795475951616,0
1056827545137889280,0
1745024030790686,0
1185094483369118,0
1186547197541212160,0
1088259150989479936,0
1321752375857438720,0
1128054224073937,0
123880441695340,0
143363449204120,0
1273790338331638,0
1023746357368479744,0
1021284823275372544,0
1776101769670938,0
1197754264861179904,0
634508335622501,0
81471241155146,0
185509910327857,0
1330253050970149,0
1191638861906079744,0
1062948096130244608,0
1899935479182689,0
1054248452865220608,0
1016219520698843136,0
1281532708211675136,0
1039780665425956864,0
555776261310816,0
1039782002876256256,0
1701470466052,0
1397221506943201,0
1409353493162760,0
1086835080431386624,0
1086838340957491200,0
1234303909649231872,0
1021286165637201920,0
1016211616893665280,0
1020126163027185664,0
1167320384467554304,0
1016225337342853120,0
1016230074817609728,0
655334643698609,0
1279979286110949376,0
1023747505949274112,0
1016213022069391360,0
1016207734855598080,0
1196965481492406272,0
1022740703875088384,0
150086129503404,0
1054254635588083712,0
1061869574922031104,0
1358795923515032,0
1148999937948770,0
1052076210521210880,0
1127858528900923392,0
1244505417518727168,0
1106371648368324608,0
1063798968980447232,0
1016239451628797952,0
1235828495528169472,0
1227138273558982656,0
1111449187499139072,0
1177154596617981952,0
1085103010605076480,0
1877052858357367,0
188578698028417,0
1250248060542398464,0
1603833794224852,0
107097108016812,0
1110420967782039552,0
1016233632170409984,0
1227127647683743744,0
1020124600833638400,0
1016223691359551488,0
371904004711568,0
1103878968492037,0
1110519024968216576,0
1127867900636999680,0
16402924662831,0
1426977858345003,0
1781479573605097,0
1703531712948839,0
1127867012333748224,0
1404773906250273,0
1138250222558388,0
1054247530789429248,0
1277783340396535808,0
1926693422651564,0
1291271437047726080,0
265811959529120,0
1017314501572313088,0
327786997265915,0
1298804278194434048,0
388277219970037,0
1306507216182005760,0
1110500881977790464,0
1016232313254739968,0
1020215080392937472,0
1017322676325335040,0
1609316573114429,0
1085108098128048128,0
1822163286453265,0
122921191549786,0
1309791621109276,0
1226773402602500096,0
1086836804160311296,0
173329462738083,0
12846089194385,0
1788588050555985,0
1016240821106802688,0
829345566061647,0
29634115313770,0
282281287277379,0
1086834211971383296,0
1231756794763218944,0
1042237762776297472,0
1196104135578099712,0
387446866731575,0
1283220859508235,0
1020202036929724416,0
1052385212371128320,0
1686777556954675,0
1106373058417831936,0
1473583938994988,0
1016222581974532096,0
1016238151860125696,0
1703455901428550,0
868589407641989,0
438867878577548,0
34612060556758,0
150364780007269,0
1118682320230256640,0
1167329990145150976,0
1110364481613676544,0
1214369075363442688,0
881704102160133,0
1869305292022698,0
676750652190997,0
154683729125823,0
599770490638698,0
1054249290979454976,0
1167328437176397824,0
1346648975598298,0
123995975706722,0
597448725809761,0
1922621010730621,0
1255428089681293312,0
1227134081666695168,0
1016610587856232448,0
1519844268932793,0
1106037812811964416,0
1103863436947644416,0
185256360550649,0
1016237952748126208,0
502517994961252,0
1237582583919869952,0
1166909133670871040,0
1054249050176053248,0
1016241085809328128,0
1016227992916099072,0
1085107810516234240,0
1042001236280619008,0
177635581677440,0
1176024430839746560,0
1255430786618769408,0
1214372661715644416,0
1797892231305960,0
1126010902270427136,0
1127864539409858560,0
1064147702234857472,0
1016232799060000768,0
1857319069893396,0
1412748856854391,0
1554619418973680,0
1321752555440754688,0
1234303327127506944,0
749840057222023,0
1060796397026426880,0
1064162380969263104,0
1022745665598308352,0
698589295799461,0
789948377562638,0
1321752144554156032,0
777456670792267,0
1089722168231043072,0
1823312297298863,0
1902111273167758,0
1022751496179986432,0
1016203059402014720,0
1229266937662492672,0
122167565973631,0
1275368229434077184,0
812202852975766,0
1277782526777114624,0
1134286974494408704,0
1016243643705622528,0
1579632627386257,0
1016244267402821632,0
1167329588196610048,0
1016241361752588288,0
1892197130147551,0
1054633019174379520,0
1308735576745807,0
1756894440163760,0
1837114743736679,0
1194192385089724416,0
1797971982320744,0
1250346798568972288,0
1064163175676628992,0
1062949820282814464,0
1587876447092626,0
270831492981716,0
1228524627376836,0
808107902117174,0
1693340081435945,0
590657213321567,0
1016235518889984000,0
1194197198754029568,0
1244899739739391,0
1270228583641223168,0
1864872922063686,0
1127863709872984064,0
1023824925658210304,0
1016223828337131520,0
1062648166480207872,0
1866079717749804,0
420169352945098,0
623573206945856,0
1237578531781808128,0
1061900604508848128,0
1695185047290460,0
1016229632813465600,0
1085107293069144064,0
771854312877966,0
1927750632099575,0
1016218787152822272,0
153685503130485,0
272354479201468,0
181492570025373,0
1054245402545086464,0
1237583093762699264,0
464835936636511,0
1237570772101308416,0
1194178551729868800,0
1156109408397623296,0
1177113188725039104,0
1169427772955762688,0
1085102754471514112,0
184146110419320,0
1397309877348421,0
1064152804609871872,0
1277207702895869952,0
256530773133533,0
1249631680776388608,0
1169429965666607104,0
1260086560502349824,0
1064146834903121920,0
1249540683048411136,0
1244504387871580160,0
1054638571552096256,0
1678011360278363,0
1023746180511457280,0
297693595567432,0
1089720777202704384,0
1110010428996136960,0
1060795080660910080,0
1052393211181486080,0
1935686291135555,0
1646313438793936,0
1326201375877672,0
1103952183194181632,0
1278607056705736704,0
1127858801975275520,0
1052825830662688768,0
1237575020704776192,0
1064165032411123712,0
1237580823130091520,0
1042226172119089152,0
1167327515463839744,0
1127866808008232960,0
1216977013477102,0
1513331563690054,0
1086827248495616000,0
480120275616757,0
1016213012053393408,0
1260086290783424512,0
1052438463443456000,0
1250632834373214208,0
1231757146518298624,0
1695860556043554,0
1237581710254751744,0
762288552487537,0
1016218139816525824,0
1289147789859350,0
670301808668581,0
1064154367998939136,0
1192706114000957440,0
1016202161976147968,0
1294154152788803584,0
1020199812325416960,0
1021237637175017472,0
367589350200807,0
1936837129236047,0
1052387718027366400,0
1237574643397771264,0
1252841849618513920,0
1064158888699469824,0
1053190739053260800,0
1020123658176253952,0
1154669495056138240,0
1140872577428893696,0
1167323490748149760,0
187527736171640,0
1042241158421901312,0
1063794297180110848,0
424489860818246,0
1291295292017520640,0
1237570504936726528,0
1600269023888063,0
1699150997865154,0
90112312780797,0
1214370721027985408,0
1176023407257600000,0
130065649217055,0
1337025930487574,0
1982644679939974,0
1237582872026611712,0
160316694956567,0
1100508716982331,0
1582259814797211,0
1064159787589148672,0
183482188250387,0
1021283637608554496,0
1063796218985041920,0
137478679825997,0
1744352087140411,0
1293110875918721024,0
1608471928731046,0
1016219649136820224,0
887592936761298,0
1755995813529934,0
1016250251806408704,0
1852708595667694,0
609502534018366,0
1921575021857000,0
1064165351425691648,0
1145614892215787520,0
775534828915758,0
1193084186122831,0
665407780246257,0
1776762347460503,0
1697380220235679,0
1016233775917596672,0
1270201564178153472,0
747723489764820,0
1178214703942500352,0
366448542444453,0
334532183906559,0
1017337673738764288,0
1560972035453628,0
1945453412780029,0
1167330303654260736,0
1085105272458997760,0
1016219788895223808,0
1730844692076411,0
1724725215439428,0
1214366098640715776,0
1167324250908684288,0
1103951619173539840,0
1442849204356641,0
1621624769290559,0
917496787307315,0
1115809985671671808,0
181133723986459,0
1062917968465588224,0
1023743129855746048,0
1039761874163896320,0
1016209631276597248,0
1636382747102885,0
1681246260815529,0
15687808623246,0
1257534017094908,0
1127864217069211648,0
1020215233069940736,0
518580859078635,0
903260890304354,0
1247962501130963,0
1111080457875316736,0
415402422114650,0
1022755069060104192,0
964307445068198,0
79003899431791,0
1940291504320028,0
774732965766203,0
1085104726641635328,0
1106044846642995200,0
1140309446621974,0
1214368749067571200,0
1821446343158787,0
71826268985705,0
1111451580638969856,0
1284116323370594,0
1016613501777633280,0
1669598290389029,0
1290935365658951680,0
1016249960847540224,0
1453398405065199,0
1106372180998795264,0
1260779995760779264,0
1250329552635289600,0
1100811789837490,0
1309728304212659,0
1086838147117735936,0
1064158598000660480,0
1757835188655029,0
299983416963353,0
1167320559739142144,0
959448288157068,0
723846900950974,0
1054930146270232576,0
1120865818018226176,0
18363917263563,0
135481378189736,0
1472036589376662,0
1144168999021137920,0
1591063431083283,0
1054635386896760832,0
1306504900661956608,0
1273178923198188,0
1231757515965403136,0
1233308411420610,0
1064164734300962816,0
1171293302598682,0
1237579216619384832,0
493714786594468,0
1871857997842000,0
1413378815551641,0
1952273968562738,0
1039771602847830016,0
1825433242903494,0
337761509546787,0
1217543403820640,0
872817513414488,0
1016228780849659904,0
1111464980064522240,0
1705569985048444,0
1637806228956027,0
1756099089752975,0
1291287828756873216,0
275073409336687,0
874670204589767,0
1064801749631606784,0
1016252650071687168,0
391531957678060,0
1052906445584019456,0
1017336357809438720,0
1237584787531833344,0
1161653535591115,0
1167321076032794624,0
1249526005823979520,0
1016209779633324032,0
1138692796901568512,0
1167320928603009024,0
273485893638325,0
1454798101871086,0
1085105751209443328,0
1534941685884205,0
1262296968223195136,0
1197754907961204736,0
1129581775636954,0
558584411217444,0
1257860567660872,0
1301964415518533,0
1165292480183106,0
1415899614259507,0
1316353394013227,0
511953525721983,0
1277782815563333632,0
1131036595726704640,0
1463462374604737,0
1242589796187905,0
1022770959990308864,0
1218672848510251,0
1323156993205805,0
1415747653148833,0
1053581914508218368,0
1268100015365181440,0
1214372904276443136,0
1688150252856454,0
1111113634392137728,0
1016246322452398080,0
1778377515057453,0
1103858400435789824,0
1234302955566714880,0
1237257045641297920,0
1054907208829624320,0
1020199210597982208,0
1191638047128993792,0
1319156467663839232,0
1879438800624980,0
1016253632356712448,0
1016221788487712768,0
1227138794013151232,0
1106372910648303616,0
649358299234284,0
492802807588877,0
796956877966371,0
1039779934224551936,0
1127868274366267392,0
1062943815775903744,0
1315470471638376448,0
1016250731483791360,0
1802524177173640,0
1153926901346938880,0
1064153730464731136,0
1127868433506553856,0
510599426469392,0
1016237040730275840,0
1323451877672804352,0
1181414365822693376,0
1277783149459283968,0
1144605146855679,0
1781306020711833,0
1110511562433179648,0
1373780025517363,0
121478579120224,0
1016653835760435200,0
1022757142325538816,0
1250622201594466304,0
1016245687485104128,0
1020135037612556288,0
1257306009770656,0
1016237984318652416,0
1281545497491849216,0
1086840304126648320,0
14773703408216,0
1111078381128613888,0
1167320685043965952,0
792495191835328,0
1016249319148388352,0
1983750934697455,0
1063782473814626304,0
1321755185936269312,0
1237581136352325632,0
1413435035770232,0
1152062691009040384,0
1291288255804112896,0
1016222039252566016,0
1167330831203749888,0
1016247057520951296,0
1023747230144425984,0
1606729456788608,0
1106041879697207296,0
1806993754400865,0
1323922974810746880,0
1062949561339043840,0
485054746721922,0
1578330311531508,0
1578371067138734,0
1399580713733640,0
1110424104534233088,0
1107843085683859456,0
1966457238389605,0
1166908954056519680,0
1199944020797837312,0
1229267159721758720,0
1283052168118816,0
1129380351362396160,0
1016244878668103680,0
1151302690418139136,0
1062918202532937728,0
301087553893297,0
1064777055540985856,0
159679586495905,0
1500752632041231,0
1016230988357992448,0
1086836602015825920,0
132861868881491,0
1972682346564421,0
1344362881355325,0
1279979611484073984,0
86043122304643,0
1177488277081571328,0
66218085648695,0
1214368169997762560,0
1960919390396140,0
1016207102958534656,0
1231757373736562688,0
985614106045676,0
1103952461578526720,0
1063796007952826368,0
1021287146299035648,0
1197754716914876416,0
56005379237239,0
1176033059437428736,0
1227060688145661952,0
1148753163480313856,0
1017310564836327424,0
1545296244831100,0
1137956868977070080,0
1260779755888533504,0
1784493440561456,0
1741161222328582,0
4265843894580,0
1016221447545323520,0
458532354290161,0
1903640777714215,0
1973309980680523,0
1053172598910758912,0
592793028422438,0
154630405972367,0
1016244537012682752,0
1017311342791639040,0
637065805156776,0
1054641257831845888,0
1422643676793802,0
1789378254478218,0
1016234212766941184,0
1321751642315624448,0
1016243653893586944,0
1316102101761942,0
1454238760708122,0
1237579428263899136,0
162061695439798,0
1127867625029287936,0
1291293389514797056,0
569351915800340,0
1103952834313740288,0
1227135954549035008,0
1085105028891578368,0
1154373137424116,0
1111458949477457920,0
1509031605449534,0
1016239158614720512,0
1085106297811144704,0
697977324666434,0
1016224713352052736,0
1229266616382918656,0
1054647910711025664,0
1054254917919289344,0
1637939138000774,0
1052905732351012864,0
203241907249430,0
1790317287473303,0
511974307253932,0
1021280961156055040,0
102469836457138,0
1262285760824795136,0
1244504981248245760,0
1943548301182266,0
522059709319900,0
477933671770555,0
1052386814502981632,0
1237581912583905280,0
1229267600421474304,0
281016011052779,0
1980836932529543,0
1086836374516781056,0
1023817802962464768,0
632373811334719,0
1189075426694156288,0
1167322453643558912,0
1016230915012198400,0
971606233130773,0
461828342137698,0
1257598817588387,0
1290932916504190976,0
1720341209061761,0
1248173087493566464,0
1054253416404602880,0
663604600973059,0
1176025976541417472,0
1016223202865741824,0
1554398905070870,0
1237581333514100736,0
231303482531852,0
1072776830386200576,0
1613392843504802,0
1167330650357968896,0
1086838981507399680,0
474615452321819,0
1518739701731819,0
1021219237035999232,0
1253505793165160448,0
1716123589050139,0
683586544062557,0
31790686800881,0
1054249496810729472,0
1022763785436184576,0
1062943601614774272,0
1307143181275586560,0
1052381142071726080,0
1532434046764331,0
1016229134119108608,0
1131075787471048704,0
745122280665787,0
1936888887488179,0
1017286371625287680,0
1290157080691933184,0
1176023218799124480,0
1016238696096235520,0
1016206162432000000,0
1127864385680220160,0
302960833816752,0
1016586915699384320,0
1176033220188332032,0
80746192560294,0
1299178205907234816,0
1344674542867275,0
207688177197881,0
268426101904759,0
913615975448504,0
1016208911391424512,0
824970072903642,0
1021208057315676160,0
1016216739762044928,0
151438102546556,0
668799176503717,0
473200265758857,0
1052404941429231616,0
1704348582499053,0
1064149363602870272,0
1936215046733818,0
481544201710768,0
1022761607543832576,0
123674540243739,0
1450025353999832,0
607556541084830,0
768901997030621,0
398682556486392,0
1016216459943247872,0
1316305139879178240,0
1825530760759050,0
1020206262523240448,0
1127865841632194560,0
1127863531652812800,0
1064156915325587456,0
1016872212781744128,0
1016608336760692736,0
1495025216131494,0
1023742438319878144,0
224522486538181,0
1127862035032879104,0
1016235514800537600,0
1231757664917495808,0
1072775362979586048,0
1167326317335736320,0
1250709961353236480,0
221635172349992,0
1940101140122954,0
1244505279408754688,0
1021212579962527744,0
1912984847941421,0
269767441106743,0
1277782977954136064,0
1016239415914299392,0
1593379624740574,0
930820939997975,0
1016513559419584512,0
1016242231743512576,0
1636831639927655,0
1705581669421476,0
1237579685328658432,0
1154677431681744896,0
142542925144120,0
1939558168816900,0
1214369562192117760,0
1975244300416898,0
1016220724216627200,0
1290131355742031872,0
1171250526952790,0
1242719021656969216,0
1181411488052015104,0
1064156470834221056,0
1567342533327026,0
1016228663270735872,0
1061868230727294976,0
1016233223112523776,0
1539970785882296,0
1747262331421731,0
1016209397293154304,0
1016214559315361792,0
1138715266152988672,0
1953179309101011,0
68485384870772,0
1244505129210728448,0
1250683713717575680,0
273171575063068,0
1507794743876713,0
1303006478867499,0
1678980900607054,0
1016225154936766464,0
1236896303301234688,0
1143281912564562,0
1229267469949267968,0
1016229899327930368,0
1158557384814387200,0
1178139700991504384,0
1103860080787218432,0
1052385937587261440,0
693948322622057,0
1977243074194754,0
802788859980915,0
874338501947315,0
1944999887556768,0
474571106466065,0
1165891695504252928,0
1060796089382629376,0
1759079540855325,0
1054936620300091392,0
1268124935407071232,0
1164427592264839168,0
1085105516244529152,0
1167330107803774976,0
1196965715450683392,0
759033786839837,0
1473770260320762,0
1052899950515531776,0
1616652146556090,0
1167325866424561664,0
1167330134278217728,0
1266273400309866496,0
313800372475572,0
1153100948923361,0
1507256365853600,0
916613625284855,0
1042239536421535744,0
95843528486642,0
127604683328051,0
1106372542665240576,0
1596875968013774,0
55670393682709,0
1231756983435608064,0
1753751704239986,0
1227127163002859520,0
354326634066483,0
1255377883828523008,0
1477321689461657,0
1227138587884310528,0
1285755063673253,0
1237569198004191232,0
669128171791441,0
1499479471239707,0
1016234698484121600,0
1250255126275309568,0
1399116758628857,0
1020131027182649344,0
480839250125772,0
1060818120752926720,0
1167327207052464128,0
109164806184512,0
1843473297398046,0
1275685079342911488,0
1510991705126121,0
1729176489384078,0
1245574781899875,0
1053172283037724672,0
1167328672982687744,0
1023742195016691712,0
1016242244133486592,0
1160309388451566,0
1599978247284868,0
1235828865339777024,0
1085106661587324928,0
1260780246395609088,0
1017296490601791488,0
1141938550529944,0
1175168222910881,0
101530635823989,0
1988809295919546,0
1127867491948220416,0
1896692386732150,0
1018692799677726720,0
1151672382714482688,0
1111082706542362624,0
1689421876975728,0
385337499329203,0
1167327497524813824,0
1695249101794556,0
1402186069080779,0
1127857980000747520,0
1179980597626399,0
164492765874129,0
1212151750188462,0
1111469005371629568,0
1262983407395119104,0
1166909495478259712,0
198560486080646,0
1016208413166829568,0
1110376825416790016,0
1201448395104565,0
1237584347968643072,0
1282606037513351168,0
1956671008799850,0
1279979465224507392,0
1016881373284286464,0
1167328553101107200,0
1020204082030419968,0
1426283370169143,0
1124104425426669,0
483870668787388,0
1106034568056446976,0
113741551631820,0
1912831903354108,0
1247804471162032128,0
1062917527853973504,0
1300656482106531840,0
1054551549730709504,0
1110514175539097600,0
1723472020331278,0
1613276301522996,0
1016214904334614528,0
1021284450171064320,0
1237583910494355456,0
1199750375188654,0
1177475797445914624,0
1315410988699096,0
1290919974350045184,0
1675148401106845,0
1234303488130064384,0
